{
  "errors": [],
  "generated_at": "2025-07-28T23:19:16Z",
  "metrics": {
    "_totals": {
      "CONFIDENCE.HIGH": 0,
      "CONFIDENCE.LOW": 0,
      "CONFIDENCE.MEDIUM": 2,
      "CONFIDENCE.UNDEFINED": 0,
      "SEVERITY.HIGH": 0,
      "SEVERITY.LOW": 0,
      "SEVERITY.MEDIUM": 2,
      "SEVERITY.UNDEFINED": 0,
      "loc": 1032,
      "nosec": 0,
      "skipped_tests": 0
    },
    "src/__init__.py": {
      "CONFIDENCE.HIGH": 0,
      "CONFIDENCE.LOW": 0,
      "CONFIDENCE.MEDIUM": 0,
      "CONFIDENCE.UNDEFINED": 0,
      "SEVERITY.HIGH": 0,
      "SEVERITY.LOW": 0,
      "SEVERITY.MEDIUM": 0,
      "SEVERITY.UNDEFINED": 0,
      "loc": 6,
      "nosec": 0,
      "skipped_tests": 0
    },
    "src/api/__init__.py": {
      "CONFIDENCE.HIGH": 0,
      "CONFIDENCE.LOW": 0,
      "CONFIDENCE.MEDIUM": 0,
      "CONFIDENCE.UNDEFINED": 0,
      "SEVERITY.HIGH": 0,
      "SEVERITY.LOW": 0,
      "SEVERITY.MEDIUM": 0,
      "SEVERITY.UNDEFINED": 0,
      "loc": 6,
      "nosec": 0,
      "skipped_tests": 0
    },
    "src/api/main.py": {
      "CONFIDENCE.HIGH": 0,
      "CONFIDENCE.LOW": 0,
      "CONFIDENCE.MEDIUM": 1,
      "CONFIDENCE.UNDEFINED": 0,
      "SEVERITY.HIGH": 0,
      "SEVERITY.LOW": 0,
      "SEVERITY.MEDIUM": 1,
      "SEVERITY.UNDEFINED": 0,
      "loc": 38,
      "nosec": 0,
      "skipped_tests": 0
    },
    "src/api/routes.py": {
      "CONFIDENCE.HIGH": 0,
      "CONFIDENCE.LOW": 0,
      "CONFIDENCE.MEDIUM": 0,
      "CONFIDENCE.UNDEFINED": 0,
      "SEVERITY.HIGH": 0,
      "SEVERITY.LOW": 0,
      "SEVERITY.MEDIUM": 0,
      "SEVERITY.UNDEFINED": 0,
      "loc": 283,
      "nosec": 0,
      "skipped_tests": 0
    },
    "src/cli/__init__.py": {
      "CONFIDENCE.HIGH": 0,
      "CONFIDENCE.LOW": 0,
      "CONFIDENCE.MEDIUM": 0,
      "CONFIDENCE.UNDEFINED": 0,
      "SEVERITY.HIGH": 0,
      "SEVERITY.LOW": 0,
      "SEVERITY.MEDIUM": 0,
      "SEVERITY.UNDEFINED": 0,
      "loc": 6,
      "nosec": 0,
      "skipped_tests": 0
    },
    "src/cli/main.py": {
      "CONFIDENCE.HIGH": 0,
      "CONFIDENCE.LOW": 0,
      "CONFIDENCE.MEDIUM": 0,
      "CONFIDENCE.UNDEFINED": 0,
      "SEVERITY.HIGH": 0,
      "SEVERITY.LOW": 0,
      "SEVERITY.MEDIUM": 0,
      "SEVERITY.UNDEFINED": 0,
      "loc": 482,
      "nosec": 0,
      "skipped_tests": 0
    },
    "src/database/__init__.py": {
      "CONFIDENCE.HIGH": 0,
      "CONFIDENCE.LOW": 0,
      "CONFIDENCE.MEDIUM": 0,
      "CONFIDENCE.UNDEFINED": 0,
      "SEVERITY.HIGH": 0,
      "SEVERITY.LOW": 0,
      "SEVERITY.MEDIUM": 0,
      "SEVERITY.UNDEFINED": 0,
      "loc": 6,
      "nosec": 0,
      "skipped_tests": 0
    },
    "src/database/connection.py": {
      "CONFIDENCE.HIGH": 0,
      "CONFIDENCE.LOW": 0,
      "CONFIDENCE.MEDIUM": 1,
      "CONFIDENCE.UNDEFINED": 0,
      "SEVERITY.HIGH": 0,
      "SEVERITY.LOW": 0,
      "SEVERITY.MEDIUM": 1,
      "SEVERITY.UNDEFINED": 0,
      "loc": 146,
      "nosec": 0,
      "skipped_tests": 0
    },
    "src/models/__init__.py": {
      "CONFIDENCE.HIGH": 0,
      "CONFIDENCE.LOW": 0,
      "CONFIDENCE.MEDIUM": 0,
      "CONFIDENCE.UNDEFINED": 0,
      "SEVERITY.HIGH": 0,
      "SEVERITY.LOW": 0,
      "SEVERITY.MEDIUM": 0,
      "SEVERITY.UNDEFINED": 0,
      "loc": 6,
      "nosec": 0,
      "skipped_tests": 0
    },
    "src/models/study_record.py": {
      "CONFIDENCE.HIGH": 0,
      "CONFIDENCE.LOW": 0,
      "CONFIDENCE.MEDIUM": 0,
      "CONFIDENCE.UNDEFINED": 0,
      "SEVERITY.HIGH": 0,
      "SEVERITY.LOW": 0,
      "SEVERITY.MEDIUM": 0,
      "SEVERITY.UNDEFINED": 0,
      "loc": 53,
      "nosec": 0,
      "skipped_tests": 0
    }
  },
  "results": [
    {
      "code": "53 \n54     uvicorn.run(app, host=\"0.0.0.0\", port=8000)\n",
      "col_offset": 26,
      "end_col_offset": 35,
      "filename": "src/api/main.py",
      "issue_confidence": "MEDIUM",
      "issue_cwe": {
        "id": 605,
        "link": "https://cwe.mitre.org/data/definitions/605.html"
      },
      "issue_severity": "MEDIUM",
      "issue_text": "Possible binding to all interfaces.",
      "line_number": 54,
      "line_range": [
        54
      ],
      "more_info": "https://bandit.readthedocs.io/en/1.8.6/plugins/b104_hardcoded_bind_all_interfaces.html",
      "test_id": "B104",
      "test_name": "hardcoded_bind_all_interfaces"
    },
    {
      "code": "134             cursor.execute(\n135                 f\"\"\"\n136                 UPDATE study_records \n137                 SET {', '.join(update_fields)}\n138                 WHERE id = ?\n139             \"\"\",\n140                 values,\n",
      "col_offset": 20,
      "end_col_offset": 20,
      "filename": "src/database/connection.py",
      "issue_confidence": "MEDIUM",
      "issue_cwe": {
        "id": 89,
        "link": "https://cwe.mitre.org/data/definitions/89.html"
      },
      "issue_severity": "MEDIUM",
      "issue_text": "Possible SQL injection vector through string-based query construction.",
      "line_number": 135,
      "line_range": [
        135,
        136,
        137,
        138,
        139
      ],
      "more_info": "https://bandit.readthedocs.io/en/1.8.6/plugins/b608_hardcoded_sql_expressions.html",
      "test_id": "B608",
      "test_name": "hardcoded_sql_expressions"
    }
  ]
}